{
  "version": 1,
  "iterations_per_fixture": 5,
  "fixtures": [
    {
      "fixture": "chitchat",
      "analyzer_ms": {
        "p50": 5.649417173117399,
        "p95": 5.683917086571455,
        "max": 5.683917086571455
      },
      "ttft_ms": {
        "p50": 7.0,
        "p95": 9.0,
        "max": 9.0
      },
      "total_ms": {
        "p50": 12.586208060383797,
        "p95": 13.737250119447708,
        "max": 13.737250119447708
      }
    },
    {
      "fixture": "scam_risk",
      "analyzer_ms": {
        "p50": 5.658457987010479,
        "p95": 5.664249882102013,
        "max": 5.664249882102013
      },
      "ttft_ms": {
        "p50": 7.0,
        "p95": 9.0,
        "max": 9.0
      },
      "total_ms": {
        "p50": 7.260625250637531,
        "p95": 9.102916810661554,
        "max": 9.102916810661554
      }
    },
    {
      "fixture": "reminder",
      "analyzer_ms": {
        "p50": 5.652165971696377,
        "p95": 5.670249927788973,
        "max": 5.670249927788973
      },
      "ttft_ms": {
        "p50": 8.0,
        "p95": 8.0,
        "max": 8.0
      },
      "total_ms": {
        "p50": 15.708000399172306,
        "p95": 15.80375013872981,
        "max": 15.80375013872981
      }
    }
  ]
}
